suite,configuration,module,category,expected_tlc_result,specification,invariants,properties,required_trace_actions,recorded_matched,distinct_states,audit_date,audit_scope,implementation_test_ids,implementation_status,config_path,log_path,initial_predicate,next_action
node_addition,cleanup,NodeAdditionBoolean,positive,PASS,CleanupProgressSpec,TypeOK EvidenceConsistency OutcomeEvidence,L4,,True,478,2026-10-01,current source/dependency/config hashes only; no protocol/runner/log hash in saved summary,C01 C02 C04 C05 C06,planned; not executed as implementation regressions,../../../Thesis/verification/node_addition/configs/cleanup.cfg,../../../Thesis/verification/node_addition/results/cleanup.txt,,
node_addition,endpoint_cleanup,EndpointLifecycle,positive,PASS,CleanupSpec,TypeOK TruthfulEvidence,Closure,,True,1460,2026-10-01,current source/dependency/config hashes only; no protocol/runner/log hash in saved summary,C01 C03 C04 LIFE04,planned; not executed as implementation regressions,../../../Thesis/verification/node_addition/configs/endpoint_cleanup.cfg,../../../Thesis/verification/node_addition/results/endpoint_cleanup.txt,,
node_addition,endpoint_incoming,EndpointLifecycle,positive,PASS,Spec,TypeOK TruthfulEvidence,S4,,True,5840,2026-10-01,current source/dependency/config hashes only; no protocol/runner/log hash in saved summary,HP08 PERM03 ID04,planned; not executed as implementation regressions,../../../Thesis/verification/node_addition/configs/endpoint_incoming.cfg,../../../Thesis/verification/node_addition/results/endpoint_incoming.txt,,
node_addition,endpoint_local,EndpointLifecycle,positive,PASS,Spec,TypeOK TruthfulEvidence,S4,,True,5840,2026-10-01,current source/dependency/config hashes only; no protocol/runner/log hash in saved summary,HP04 HP06 PERM08,planned; not executed as implementation regressions,../../../Thesis/verification/node_addition/configs/endpoint_local.cfg,../../../Thesis/verification/node_addition/results/endpoint_local.txt,,
node_addition,endpoint_outgoing,EndpointLifecycle,positive,PASS,Spec,TypeOK TruthfulEvidence,S4,,True,5840,2026-10-01,current source/dependency/config hashes only; no protocol/runner/log hash in saved summary,HP07 PERM03 ID04,planned; not executed as implementation regressions,../../../Thesis/verification/node_addition/configs/endpoint_outgoing.cfg,../../../Thesis/verification/node_addition/results/endpoint_outgoing.txt,,
node_addition,endpoint_progress,EndpointLifecycle,positive,PASS,ProgressSpec,TypeOK TruthfulEvidence,L1,,True,15,2026-10-01,current source/dependency/config hashes only; no protocol/runner/log hash in saved summary,HP03 HP07 CON08,planned; not executed as implementation regressions,../../../Thesis/verification/node_addition/configs/endpoint_progress.cfg,../../../Thesis/verification/node_addition/results/endpoint_progress.txt,,
node_addition,negative_deadline_wins,NodeAdditionBoolean,negative,TEMPORAL_COUNTEREXAMPLE,RacingDeadlineSpec,TypeOK EvidenceConsistency OutcomeEvidence,L2,"ExpireStartup,HandleStartupExpiry",True,189,2026-10-01,current source/dependency/config hashes only; no protocol/runner/log hash in saved summary,F12 MGMT06 RES12,planned; not executed as implementation regressions,../../../Thesis/verification/node_addition/configs/negative_deadline_wins.cfg,../../../Thesis/verification/node_addition/results/negative_deadline_wins.txt,,
node_addition,negative_no_delivery,NodeAdditionBoolean,negative,TEMPORAL_COUNTEREXAMPLE,NoDeliverySpec,TypeOK EvidenceConsistency OutcomeEvidence,L2,,True,17,2026-10-01,current source/dependency/config hashes only; no protocol/runner/log hash in saved summary,CON08 RES12,planned; not executed as implementation regressions,../../../Thesis/verification/node_addition/configs/negative_no_delivery.cfg,../../../Thesis/verification/node_addition/results/negative_no_delivery.txt,,
node_addition,negative_no_late_evidence,NodeAdditionBoolean,negative,TEMPORAL_COUNTEREXAMPLE,NoLateEvidenceSpec,TypeOK EvidenceConsistency OutcomeEvidence,L4,,True,478,2026-10-01,current source/dependency/config hashes only; no protocol/runner/log hash in saved summary,C06 RES12,planned; not executed as implementation regressions,../../../Thesis/verification/node_addition/configs/negative_no_late_evidence.cfg,../../../Thesis/verification/node_addition/results/negative_no_late_evidence.txt,,
node_addition,negative_no_scheduling,NodeAdditionBoolean,negative,TEMPORAL_COUNTEREXAMPLE,NoSchedulingSpec,TypeOK EvidenceConsistency OutcomeEvidence,L2,,True,17,2026-10-01,current source/dependency/config hashes only; no protocol/runner/log hash in saved summary,CON05 CON06 RES12,planned; not executed as implementation regressions,../../../Thesis/verification/node_addition/configs/negative_no_scheduling.cfg,../../../Thesis/verification/node_addition/results/negative_no_scheduling.txt,,
node_addition,negative_no_timers,NodeAdditionBoolean,negative,TEMPORAL_COUNTEREXAMPLE,NoTimersSpec,TypeOK EvidenceConsistency OutcomeEvidence,L3,,True,478,2026-10-01,current source/dependency/config hashes only; no protocol/runner/log hash in saved summary,CON06 MGMT07 RES12,planned; not executed as implementation regressions,../../../Thesis/verification/node_addition/configs/negative_no_timers.cfg,../../../Thesis/verification/node_addition/results/negative_no_timers.txt,,
node_addition,negative_owner_crash,EndpointLifecycle,negative,TEMPORAL_COUNTEREXAMPLE,UnreliableCleanupSpec,TypeOK TruthfulEvidence,Closure,,True,5840,2026-10-01,current source/dependency/config hashes only; no protocol/runner/log hash in saved summary,HOST02 HOST07 RES12,planned; not executed as implementation regressions,../../../Thesis/verification/node_addition/configs/negative_owner_crash.cfg,../../../Thesis/verification/node_addition/results/negative_owner_crash.txt,,
node_addition,negative_stalled_reclamation,EndpointLifecycle,negative,TEMPORAL_COUNTEREXAMPLE,StalledReclamationSpec,TypeOK TruthfulEvidence,Closure,,True,1460,2026-10-01,current source/dependency/config hashes only; no protocol/runner/log hash in saved summary,C04 LIFE02 LIFE03 RES12,planned; not executed as implementation regressions,../../../Thesis/verification/node_addition/configs/negative_stalled_reclamation.cfg,../../../Thesis/verification/node_addition/results/negative_stalled_reclamation.txt,,
node_addition,predicates,PredicateChecks,positive,PASS,,Checks,,,True,1,2026-10-01,current source/dependency/config hashes only; no protocol/runner/log hash in saved summary,PRED01 PRED05,planned; not executed as implementation regressions,../../../Thesis/verification/node_addition/configs/predicates.cfg,../../../Thesis/verification/node_addition/results/predicates.txt,Init,Next
node_addition,resolution,NodeAdditionBoolean,positive,PASS,ResolutionSpec,TypeOK EvidenceConsistency OutcomeEvidence,L3,,True,17706,2026-10-01,current source/dependency/config hashes only; no protocol/runner/log hash in saved summary,F02 F11 C01 C05 CON05 MGMT05,planned; not executed as implementation regressions,../../../Thesis/verification/node_addition/configs/resolution.cfg,../../../Thesis/verification/node_addition/results/resolution.txt,,
node_addition,safety_boolean_pairs,NodeAdditionBoolean,positive,PASS,Spec,TypeOK EvidenceConsistency OutcomeEvidence,S1 S2 S4Scope,,True,349975,2026-10-01,current source/dependency/config hashes only; no protocol/runner/log hash in saved summary,HP12 PRED01 PRED02 PRED07,planned; not executed as implementation regressions,../../../Thesis/verification/node_addition/configs/safety_boolean_pairs.cfg,../../../Thesis/verification/node_addition/results/safety_boolean_pairs.txt,,
node_addition,safety_either,NodeAdditionBoolean,positive,PASS,Spec,TypeOK EvidenceConsistency OutcomeEvidence,S1 S2 S4Scope,,True,17706,2026-10-01,current source/dependency/config hashes only; no protocol/runner/log hash in saved summary,HP09 PRED02 PRED06 PRED07 F05 F12,planned; not executed as implementation regressions,../../../Thesis/verification/node_addition/configs/safety_either.cfg,../../../Thesis/verification/node_addition/results/safety_either.txt,,
node_addition,safety_mixed,NodeAdditionBoolean,positive,PASS,Spec,TypeOK EvidenceConsistency OutcomeEvidence,S1 S2 S4Scope,,True,285360,2026-10-01,current source/dependency/config hashes only; no protocol/runner/log hash in saved summary,HP10 PRED01 PRED02 APP04,planned; not executed as implementation regressions,../../../Thesis/verification/node_addition/configs/safety_mixed.cfg,../../../Thesis/verification/node_addition/results/safety_mixed.txt,,
node_addition,safety_one,NodeAdditionBoolean,positive,PASS,Spec,TypeOK EvidenceConsistency OutcomeEvidence,S1 S2 S4Scope,,True,478,2026-10-01,current source/dependency/config hashes only; no protocol/runner/log hash in saved summary,HP07 F02 F05 F09 F10 F11 F12,planned; not executed as implementation regressions,../../../Thesis/verification/node_addition/configs/safety_one.cfg,../../../Thesis/verification/node_addition/results/safety_one.txt,,
node_addition,safety_true,NodeAdditionBoolean,positive,PASS,Spec,TypeOK EvidenceConsistency OutcomeEvidence,S1 S2 S4Scope,,True,56,2026-10-01,current source/dependency/config hashes only; no protocol/runner/log hash in saved summary,HP01 F02 F10 F11 F12,planned; not executed as implementation regressions,../../../Thesis/verification/node_addition/configs/safety_true.cfg,../../../Thesis/verification/node_addition/results/safety_true.txt,,
node_addition,safety_true_optional,NodeAdditionBoolean,positive,PASS,Spec,TypeOK EvidenceConsistency OutcomeEvidence,S1 S2 S4Scope,,True,48927,2026-10-01,current source/dependency/config hashes only; no protocol/runner/log hash in saved summary,HP11 F14 MGMT08,planned; not executed as implementation regressions,../../../Thesis/verification/node_addition/configs/safety_true_optional.cfg,../../../Thesis/verification/node_addition/results/safety_true_optional.txt,,
node_addition,startup_either,NodeAdditionBoolean,positive,PASS,SuccessfulSpec,TypeOK EvidenceConsistency OutcomeEvidence,L1 L2,,True,149,2026-10-01,current source/dependency/config hashes only; no protocol/runner/log hash in saved summary,HP09 CON08 RES12,planned; not executed as implementation regressions,../../../Thesis/verification/node_addition/configs/startup_either.cfg,../../../Thesis/verification/node_addition/results/startup_either.txt,,
node_addition,startup_mixed,NodeAdditionBoolean,positive,PASS,SuccessfulSpec,TypeOK EvidenceConsistency OutcomeEvidence,L1 L2,,True,465,2026-10-01,current source/dependency/config hashes only; no protocol/runner/log hash in saved summary,HP10 APP04 RES12,planned; not executed as implementation regressions,../../../Thesis/verification/node_addition/configs/startup_mixed.cfg,../../../Thesis/verification/node_addition/results/startup_mixed.txt,,
node_addition,startup_one,NodeAdditionBoolean,positive,PASS,SuccessfulSpec,TypeOK EvidenceConsistency OutcomeEvidence,L1 L2,,True,17,2026-10-01,current source/dependency/config hashes only; no protocol/runner/log hash in saved summary,HP07 RES12,planned; not executed as implementation regressions,../../../Thesis/verification/node_addition/configs/startup_one.cfg,../../../Thesis/verification/node_addition/results/startup_one.txt,,
node_addition,startup_true,NodeAdditionBoolean,positive,PASS,SuccessfulSpec,TypeOK EvidenceConsistency OutcomeEvidence,L1 L2,,True,7,2026-10-01,current source/dependency/config hashes only; no protocol/runner/log hash in saved summary,HP01 RES12,planned; not executed as implementation regressions,../../../Thesis/verification/node_addition/configs/startup_true.cfg,../../../Thesis/verification/node_addition/results/startup_true.txt,,
node_addition,startup_true_optional,NodeAdditionBoolean,positive,PASS,SuccessfulSpec,TypeOK EvidenceConsistency OutcomeEvidence,L1 L2,,True,369,2026-10-01,current source/dependency/config hashes only; no protocol/runner/log hash in saved summary,HP11 MGMT08 RES12,planned; not executed as implementation regressions,../../../Thesis/verification/node_addition/configs/startup_true_optional.cfg,../../../Thesis/verification/node_addition/results/startup_true_optional.txt,,
node_addition,witness_dispatch_suppressed,NodeAdditionBoolean,witness,INVARIANT NoStartIssuedWithoutExecution,Spec,TypeOK EvidenceConsistency OutcomeEvidence NoStartIssuedWithoutExecution,,,True,300,2026-10-01,current source/dependency/config hashes only; no protocol/runner/log hash in saved summary,F10 LIFE08,planned; not executed as implementation regressions,../../../Thesis/verification/node_addition/configs/witness_dispatch_suppressed.cfg,../../../Thesis/verification/node_addition/results/witness_dispatch_suppressed.txt,,
node_addition,witness_late_activation,EndpointLifecycle,witness,ACTION NoLateActivation,Spec,TypeOK TruthfulEvidence,NoLateActivation,,True,1103,2026-10-01,current source/dependency/config hashes only; no protocol/runner/log hash in saved summary,C01 C03 PERM03,planned; not executed as implementation regressions,../../../Thesis/verification/node_addition/configs/witness_late_activation.cfg,../../../Thesis/verification/node_addition/results/witness_late_activation.txt,,
node_addition,witness_late_clean,NodeAdditionBoolean,witness,ACTION NoLateClean,Spec,TypeOK EvidenceConsistency OutcomeEvidence,NoLateClean,,True,193,2026-10-01,current source/dependency/config hashes only; no protocol/runner/log hash in saved summary,C05 MGMT10,planned; not executed as implementation regressions,../../../Thesis/verification/node_addition/configs/witness_late_clean.cfg,../../../Thesis/verification/node_addition/results/witness_late_clean.txt,,
node_addition,witness_never_ready_cleanup,EndpointLifecycle,witness,INVARIANT NoClosedWithoutPreparation,Spec,TypeOK TruthfulEvidence NoClosedWithoutPreparation,,,True,81,2026-10-01,current source/dependency/config hashes only; no protocol/runner/log hash in saved summary,LIFE04 F04,planned; not executed as implementation regressions,../../../Thesis/verification/node_addition/configs/witness_never_ready_cleanup.cfg,../../../Thesis/verification/node_addition/results/witness_never_ready_cleanup.txt,,
node_addition,witness_selection_not_receipt,EndpointLifecycle,witness,INVARIANT SelectionImmediatelyStopsOwners,Spec,TypeOK TruthfulEvidence SelectionImmediatelyStopsOwners,,,True,1099,2026-10-01,current source/dependency/config hashes only; no protocol/runner/log hash in saved summary,C01 REM02,planned; not executed as implementation regressions,../../../Thesis/verification/node_addition/configs/witness_selection_not_receipt.cfg,../../../Thesis/verification/node_addition/results/witness_selection_not_receipt.txt,,
node_addition,witness_stale_health,EndpointLifecycle,witness,INVARIANT EvidenceMeansCurrentlyActive,Spec,TypeOK TruthfulEvidence EvidenceMeansCurrentlyActive,,,True,1738,2026-10-01,current source/dependency/config hashes only; no protocol/runner/log hash in saved summary,ID04 F05,planned; not executed as implementation regressions,../../../Thesis/verification/node_addition/configs/witness_stale_health.cfg,../../../Thesis/verification/node_addition/results/witness_stale_health.txt,,
node_addition,witness_success_is_historical,NodeAdditionBoolean,witness,INVARIANT SuccessMeansCurrentlySufficient,Spec,TypeOK EvidenceConsistency OutcomeEvidence SuccessMeansCurrentlySufficient,,,True,8472,2026-10-01,current source/dependency/config hashes only; no protocol/runner/log hash in saved summary,F15 ID12,planned; not executed as implementation regressions,../../../Thesis/verification/node_addition/configs/witness_success_is_historical.cfg,../../../Thesis/verification/node_addition/results/witness_success_is_historical.txt,,
node_addition,witness_success_pending,NodeAdditionBoolean,witness,INVARIANT NoSuccessWithPending,Spec,TypeOK EvidenceConsistency OutcomeEvidence NoSuccessWithPending,,,True,7057,2026-10-01,current source/dependency/config hashes only; no protocol/runner/log hash in saved summary,HP09 HP11 F14,planned; not executed as implementation regressions,../../../Thesis/verification/node_addition/configs/witness_success_pending.cfg,../../../Thesis/verification/node_addition/results/witness_success_pending.txt,,
node_addition,witness_unresolved,NodeAdditionBoolean,witness,INVARIANT NoUnresolved,Spec,TypeOK EvidenceConsistency OutcomeEvidence NoUnresolved,,,True,19,2026-10-01,current source/dependency/config hashes only; no protocol/runner/log hash in saved summary,C01 C04 HOST02,planned; not executed as implementation regressions,../../../Thesis/verification/node_addition/configs/witness_unresolved.cfg,../../../Thesis/verification/node_addition/results/witness_unresolved.txt,,
graph_operations,admission_binding,Admission,positive,PASS,Spec,TypeOK CompleteIncidence EstablishedEmpty ExclusiveBinding CapacityBound RecordBound EstablishedNode,,,True,16,2026-10-01,current source/config/protocol/runner/JAR/log hashes via --audit,REQ07 ID01,planned; not executed as implementation regressions,../../../Thesis/verification/graph_operations/configs/admission_binding.cfg,../../../Thesis/verification/graph_operations/results/admission_binding.txt,,
graph_operations,admission_capacity,Admission,positive,PASS,Spec,TypeOK CompleteIncidence EstablishedEmpty ExclusiveBinding CapacityBound RecordBound EstablishedNode,,,True,29,2026-10-01,current source/config/protocol/runner/JAR/log hashes via --audit,REQ08 RES01 RES02,planned; not executed as implementation regressions,../../../Thesis/verification/graph_operations/configs/admission_capacity.cfg,../../../Thesis/verification/graph_operations/results/admission_capacity.txt,,
graph_operations,admission_empty,Admission,positive,PASS,Spec,TypeOK CompleteIncidence EstablishedEmpty ExclusiveBinding CapacityBound RecordBound EstablishedNode,,,True,12,2026-10-01,current source/config/protocol/runner/JAR/log hashes via --audit,REQ09 REQ10,planned; not executed as implementation regressions,../../../Thesis/verification/graph_operations/configs/admission_empty.cfg,../../../Thesis/verification/graph_operations/results/admission_empty.txt,,
graph_operations,admission_incident,Admission,positive,PASS,Spec,TypeOK CompleteIncidence EstablishedEmpty ExclusiveBinding CapacityBound RecordBound EstablishedNode,,,True,16,2026-10-01,current source/config/protocol/runner/JAR/log hashes via --audit,REQ10 CON02 REM03,planned; not executed as implementation regressions,../../../Thesis/verification/graph_operations/configs/admission_incident.cfg,../../../Thesis/verification/graph_operations/results/admission_incident.txt,,
graph_operations,admission_pending_node,Admission,positive,PASS,Spec,TypeOK CompleteIncidence EstablishedEmpty ExclusiveBinding CapacityBound RecordBound EstablishedNode,,,True,10,2026-10-01,current source/config/protocol/runner/JAR/log hashes via --audit,REQ12 CON03,planned; not executed as implementation regressions,../../../Thesis/verification/graph_operations/configs/admission_pending_node.cfg,../../../Thesis/verification/graph_operations/results/admission_pending_node.txt,,
graph_operations,admission_records,Admission,positive,PASS,Spec,TypeOK CompleteIncidence EstablishedEmpty ExclusiveBinding CapacityBound RecordBound EstablishedNode,,,True,18,2026-10-01,current source/config/protocol/runner/JAR/log hashes via --audit,REQ08 RES05 MGMT03,planned; not executed as implementation regressions,../../../Thesis/verification/graph_operations/configs/admission_records.cfg,../../../Thesis/verification/graph_operations/results/admission_records.txt,,
graph_operations,liveness_cleanup,GraphOperations,positive,PASS,CleanupSpec,TypeOK RegistryLifetime ResourceBounds Evidence CompleteScope RemovalFinal SelectionScope UnrelatedPreserved,SafetySteps IssuedCleanupCompletes,,True,19,2026-10-01,current source/config/protocol/runner/JAR/log hashes via --audit,C01 C02 C05 C06 CON08,planned; not executed as implementation regressions,../../../Thesis/verification/graph_operations/configs/liveness_cleanup.cfg,../../../Thesis/verification/graph_operations/results/liveness_cleanup.txt,,
graph_operations,liveness_resolution,GraphOperations,positive,PASS,ResolutionSpec,TypeOK RegistryLifetime ResourceBounds Evidence CompleteScope RemovalFinal SelectionScope UnrelatedPreserved,SafetySteps AttemptsResolve,,True,288,2026-10-01,current source/config/protocol/runner/JAR/log hashes via --audit,F02 F11 C01 CON05,planned; not executed as implementation regressions,../../../Thesis/verification/graph_operations/configs/liveness_resolution.cfg,../../../Thesis/verification/graph_operations/results/liveness_resolution.txt,,
graph_operations,liveness_two_nodes,GraphOperations,positive,PASS,ResolutionSpec,TypeOK RegistryLifetime ResourceBounds Evidence CompleteScope RemovalFinal SelectionScope UnrelatedPreserved,SafetySteps AttemptsResolve,,True,82944,2026-10-01,current source/config/protocol/runner/JAR/log hashes via --audit,HP15 CON05 CON06,planned; not executed as implementation regressions,../../../Thesis/verification/graph_operations/configs/liveness_two_nodes.cfg,../../../Thesis/verification/graph_operations/results/liveness_two_nodes.txt,,
graph_operations,negative_channel_only_command,BindingReuse,negative,INVARIANT NoOldInterference,Spec,TypeOK NoOldInterference,,"Reuse,DelayedOldCommand",True,42,2026-10-01,current source/config/protocol/runner/JAR/log hashes via --audit,ID06 ID09,planned; not executed as implementation regressions,../../../Thesis/verification/graph_operations/configs/negative_channel_only_command.cfg,../../../Thesis/verification/graph_operations/results/negative_channel_only_command.txt,,
graph_operations,negative_channel_only_data,BindingReuse,negative,INVARIANT NoOldInterference,Spec,TypeOK NoOldInterference,,"Reuse,ActivateNew,DelayedOldData",True,46,2026-10-01,current source/config/protocol/runner/JAR/log hashes via --audit,ID07 PERM08,planned; not executed as implementation regressions,../../../Thesis/verification/graph_operations/configs/negative_channel_only_data.cfg,../../../Thesis/verification/graph_operations/results/negative_channel_only_data.txt,,
graph_operations,negative_cleanup_delivery,GraphOperations,negative,TEMPORAL_COUNTEREXAMPLE,NoDeliverySpec,TypeOK RegistryLifetime ResourceBounds Evidence CompleteScope RemovalFinal SelectionScope UnrelatedPreserved,IssuedCleanupCompletes,SendCleanup,True,19,2026-10-01,current source/config/protocol/runner/JAR/log hashes via --audit,C06 CON08 RES12,planned; not executed as implementation regressions,../../../Thesis/verification/graph_operations/configs/negative_cleanup_delivery.cfg,../../../Thesis/verification/graph_operations/results/negative_cleanup_delivery.txt,,
graph_operations,negative_device_fairness,DeviceScheduling,negative,TEMPORAL_COUNTEREXAMPLE,DeviceFairSpec,TypeOK,Resolution IndependentProgress,,True,120,2026-10-01,current source/config/protocol/runner/JAR/log hashes via --audit,CON06 RES03,planned; not executed as implementation regressions,../../../Thesis/verification/graph_operations/configs/negative_device_fairness.cfg,../../../Thesis/verification/graph_operations/results/negative_device_fairness.txt,,
graph_operations,negative_device_lock,DeviceScheduling,negative,TEMPORAL_COUNTEREXAMPLE,FairSpec,TypeOK,Resolution IndependentProgress,,True,8,2026-10-01,current source/config/protocol/runner/JAR/log hashes via --audit,CON05 CON01,planned; not executed as implementation regressions,../../../Thesis/verification/graph_operations/configs/negative_device_lock.cfg,../../../Thesis/verification/graph_operations/results/negative_device_lock.txt,,
graph_operations,negative_early_registry,GraphOperations,negative,INVARIANT RegistryLifetime,Spec,TypeOK RegistryLifetime,,"AcceptRemoval,RecordRemoval,Close",True,29,2026-10-01,current source/config/protocol/runner/JAR/log hashes via --audit,LIFE02 LIFE05,planned; not executed as implementation regressions,../../../Thesis/verification/graph_operations/configs/negative_early_registry.cfg,../../../Thesis/verification/graph_operations/results/negative_early_registry.txt,,
graph_operations,negative_forget_rejection,BindingReuse,negative,INVARIANT NoResurrection,Spec,TypeOK NoResurrection,,"RetireDetail,DelayedOldPrepare",True,46,2026-10-01,current source/config/protocol/runner/JAR/log hashes via --audit,ID05 RES06,planned; not executed as implementation regressions,../../../Thesis/verification/graph_operations/configs/negative_forget_rejection.cfg,../../../Thesis/verification/graph_operations/results/negative_forget_rejection.txt,,
graph_operations,negative_ignore_records,Admission,negative,INVARIANT RecordBound,Spec,TypeOK RecordBound,,"Preflight,AcceptWork",True,22,2026-10-01,current source/config/protocol/runner/JAR/log hashes via --audit,MGMT03 RES05,planned; not executed as implementation regressions,../../../Thesis/verification/graph_operations/configs/negative_ignore_records.cfg,../../../Thesis/verification/graph_operations/results/negative_ignore_records.txt,,
graph_operations,negative_missing_fence,Admission,negative,INVARIANT CompleteIncidence,Spec,TypeOK CompleteIncidence,,"Preflight,AcceptWork",True,17,2026-10-01,current source/config/protocol/runner/JAR/log hashes via --audit,CON02 REQ10,planned; not executed as implementation regressions,../../../Thesis/verification/graph_operations/configs/negative_missing_fence.cfg,../../../Thesis/verification/graph_operations/results/negative_missing_fence.txt,,
graph_operations,negative_no_clock,DeviceScheduling,negative,TEMPORAL_COUNTEREXAMPLE,NoClockSpec,TypeOK,Resolution,,True,120,2026-10-01,current source/config/protocol/runner/JAR/log hashes via --audit,CON07 RES12,planned; not executed as implementation regressions,../../../Thesis/verification/graph_operations/configs/negative_no_clock.cfg,../../../Thesis/verification/graph_operations/results/negative_no_clock.txt,,
graph_operations,negative_premature_edge,Admission,negative,INVARIANT EstablishedNode,Spec,TypeOK EstablishedNode,,"Preflight,AcceptWork",True,11,2026-10-01,current source/config/protocol/runner/JAR/log hashes via --audit,CON03 REQ12,planned; not executed as implementation regressions,../../../Thesis/verification/graph_operations/configs/negative_premature_edge.cfg,../../../Thesis/verification/graph_operations/results/negative_premature_edge.txt,,
graph_operations,negative_reuse_on_timeout,BindingReuse,negative,INVARIANT ReuseNeedsEvidence,Spec,TypeOK ReuseNeedsEvidence,,"Cutoff,Reuse",True,20,2026-10-01,current source/config/protocol/runner/JAR/log hashes via --audit,ID08 HOST02,planned; not executed as implementation regressions,../../../Thesis/verification/graph_operations/configs/negative_reuse_on_timeout.cfg,../../../Thesis/verification/graph_operations/results/negative_reuse_on_timeout.txt,,
graph_operations,negative_split_capacity,Admission,negative,INVARIANT CapacityBound,Spec,TypeOK CapacityBound,,"Preflight,AcceptWork",True,26,2026-10-01,current source/config/protocol/runner/JAR/log hashes via --audit,REQ08 RES02,planned; not executed as implementation regressions,../../../Thesis/verification/graph_operations/configs/negative_split_capacity.cfg,../../../Thesis/verification/graph_operations/results/negative_split_capacity.txt,,
graph_operations,negative_stale_binding,Admission,negative,INVARIANT ExclusiveBinding,Spec,TypeOK ExclusiveBinding,,"Preflight,AcceptWork",True,19,2026-10-01,current source/config/protocol/runner/JAR/log hashes via --audit,REQ07 ID01,planned; not executed as implementation regressions,../../../Thesis/verification/graph_operations/configs/negative_stale_binding.cfg,../../../Thesis/verification/graph_operations/results/negative_stale_binding.txt,,
graph_operations,negative_stale_empty,Admission,negative,INVARIANT EstablishedEmpty,Spec,TypeOK EstablishedEmpty,,"Preflight,AcceptWork",True,14,2026-10-01,current source/config/protocol/runner/JAR/log hashes via --audit,REQ10 REM03,planned; not executed as implementation regressions,../../../Thesis/verification/graph_operations/configs/negative_stale_empty.cfg,../../../Thesis/verification/graph_operations/results/negative_stale_empty.txt,,
graph_operations,negative_stale_scope,Admission,negative,INVARIANT CompleteIncidence,Spec,TypeOK CompleteIncidence,,"Preflight,AcceptWork",True,16,2026-10-01,current source/config/protocol/runner/JAR/log hashes via --audit,REQ10 CON02,planned; not executed as implementation regressions,../../../Thesis/verification/graph_operations/configs/negative_stale_scope.cfg,../../../Thesis/verification/graph_operations/results/negative_stale_scope.txt,,
graph_operations,reuse_safe,BindingReuse,positive,PASS,Spec,TypeOK ReuseNeedsEvidence NoOldInterference NoResurrection TruthfulClosure,,,True,46,2026-10-01,current source/config/protocol/runner/JAR/log hashes via --audit,ID05 ID06 ID07 ID08,planned; not executed as implementation regressions,../../../Thesis/verification/graph_operations/configs/reuse_safe.cfg,../../../Thesis/verification/graph_operations/results/reuse_safe.txt,,
graph_operations,safety_edge,GraphOperations,positive,PASS,Spec,TypeOK RegistryLifetime ResourceBounds Evidence CompleteScope RemovalFinal SelectionScope UnrelatedPreserved,SafetySteps,,True,12552,2026-10-01,current source/config/protocol/runner/JAR/log hashes via --audit,HP04 F07 F08 C03,planned; not executed as implementation regressions,../../../Thesis/verification/graph_operations/configs/safety_edge.cfg,../../../Thesis/verification/graph_operations/results/safety_edge.txt,,
graph_operations,safety_edge_node_race,GraphOperations,positive,PASS,Spec,TypeOK RegistryLifetime ResourceBounds Evidence CompleteScope RemovalFinal SelectionScope UnrelatedPreserved,SafetySteps,,True,36500,2026-10-01,current source/config/protocol/runner/JAR/log hashes via --audit,CON02 REM03 REM05,planned; not executed as implementation regressions,../../../Thesis/verification/graph_operations/configs/safety_edge_node_race.cfg,../../../Thesis/verification/graph_operations/results/safety_edge_node_race.txt,,
graph_operations,safety_edge_node_race_remote,GraphOperations,positive,PASS,Spec,TypeOK RegistryLifetime ResourceBounds Evidence CompleteScope RemovalFinal SelectionScope UnrelatedPreserved,SafetySteps,,True,146000,2026-10-01,current source/config/protocol/runner/JAR/log hashes via --audit,CON02 REM03 C01 HOST02,planned; not executed as implementation regressions,../../../Thesis/verification/graph_operations/configs/safety_edge_node_race_remote.cfg,../../../Thesis/verification/graph_operations/results/safety_edge_node_race_remote.txt,,
graph_operations,safety_edge_remote,GraphOperations,positive,PASS,Spec,TypeOK RegistryLifetime ResourceBounds Evidence CompleteScope RemovalFinal SelectionScope UnrelatedPreserved,SafetySteps,,True,12552,2026-10-01,current source/config/protocol/runner/JAR/log hashes via --audit,HP03 F07 F08 HOST02,planned; not executed as implementation regressions,../../../Thesis/verification/graph_operations/configs/safety_edge_remote.cfg,../../../Thesis/verification/graph_operations/results/safety_edge_remote.txt,,
graph_operations,safety_edge_remove_independent,GraphOperations,positive,PASS,Spec,TypeOK RegistryLifetime ResourceBounds Evidence CompleteScope RemovalFinal SelectionScope UnrelatedPreserved,SafetySteps,,True,270,2026-10-01,current source/config/protocol/runner/JAR/log hashes via --audit,CON04 HP05,planned; not executed as implementation regressions,../../../Thesis/verification/graph_operations/configs/safety_edge_remove_independent.cfg,../../../Thesis/verification/graph_operations/results/safety_edge_remove_independent.txt,,
graph_operations,safety_edge_remove_race,GraphOperations,positive,PASS,Spec,TypeOK RegistryLifetime ResourceBounds Evidence CompleteScope RemovalFinal SelectionScope UnrelatedPreserved,SafetySteps,,True,8850,2026-10-01,current source/config/protocol/runner/JAR/log hashes via --audit,REM02 REM04 C03,planned; not executed as implementation regressions,../../../Thesis/verification/graph_operations/configs/safety_edge_remove_race.cfg,../../../Thesis/verification/graph_operations/results/safety_edge_remove_race.txt,,
graph_operations,safety_node_edge,GraphOperations,positive,PASS,Spec,TypeOK RegistryLifetime ResourceBounds Evidence CompleteScope RemovalFinal SelectionScope UnrelatedPreserved,SafetySteps,,True,140928,2026-10-01,current source/config/protocol/runner/JAR/log hashes via --audit,HP07 F05 F09 F12,planned; not executed as implementation regressions,../../../Thesis/verification/graph_operations/configs/safety_node_edge.cfg,../../../Thesis/verification/graph_operations/results/safety_node_edge.txt,,
graph_operations,safety_node_empty,GraphOperations,positive,PASS,Spec,TypeOK RegistryLifetime ResourceBounds Evidence CompleteScope RemovalFinal SelectionScope UnrelatedPreserved,SafetySteps,,True,1152,2026-10-01,current source/config/protocol/runner/JAR/log hashes via --audit,HP01 F02 F10 F12,planned; not executed as implementation regressions,../../../Thesis/verification/graph_operations/configs/safety_node_empty.cfg,../../../Thesis/verification/graph_operations/results/safety_node_empty.txt,,
graph_operations,safety_node_remove_race,GraphOperations,positive,PASS,Spec,TypeOK RegistryLifetime ResourceBounds Evidence CompleteScope RemovalFinal SelectionScope UnrelatedPreserved,SafetySteps,,True,378139,2026-10-01,current source/config/protocol/runner/JAR/log hashes via --audit,REM01 REM05 F10,planned; not executed as implementation regressions,../../../Thesis/verification/graph_operations/configs/safety_node_remove_race.cfg,../../../Thesis/verification/graph_operations/results/safety_node_remove_race.txt,,
graph_operations,safety_node_then_edge,GraphOperations,positive,PASS,Spec,TypeOK RegistryLifetime ResourceBounds Evidence CompleteScope RemovalFinal SelectionScope UnrelatedPreserved,SafetySteps,,True,13700,2026-10-01,current source/config/protocol/runner/JAR/log hashes via --audit,HP14 CON03,planned; not executed as implementation regressions,../../../Thesis/verification/graph_operations/configs/safety_node_then_edge.cfg,../../../Thesis/verification/graph_operations/results/safety_node_then_edge.txt,,
graph_operations,safety_optional_remove,GraphOperations,positive,PASS,Spec,TypeOK RegistryLifetime ResourceBounds Evidence CompleteScope RemovalFinal SelectionScope UnrelatedPreserved,SafetySteps,,True,826616,2026-10-01,current source/config/protocol/runner/JAR/log hashes via --audit,HP11 REM03 CON09,planned; not executed as implementation regressions,../../../Thesis/verification/graph_operations/configs/safety_optional_remove.cfg,../../../Thesis/verification/graph_operations/results/safety_optional_remove.txt,,
graph_operations,safety_remove_empty,GraphOperations,positive,PASS,Spec,TypeOK RegistryLifetime ResourceBounds Evidence CompleteScope RemovalFinal SelectionScope UnrelatedPreserved,SafetySteps,,True,76,2026-10-01,current source/config/protocol/runner/JAR/log hashes via --audit,HP02 REM01,planned; not executed as implementation regressions,../../../Thesis/verification/graph_operations/configs/safety_remove_empty.cfg,../../../Thesis/verification/graph_operations/results/safety_remove_empty.txt,,
graph_operations,safety_remove_multi_remote,GraphOperations,positive,PASS,Spec,TypeOK RegistryLifetime ResourceBounds Evidence CompleteScope RemovalFinal SelectionScope UnrelatedPreserved,SafetySteps,,True,24916,2026-10-01,current source/config/protocol/runner/JAR/log hashes via --audit,HP13 REM03 REM07 HOST03,planned; not executed as implementation regressions,../../../Thesis/verification/graph_operations/configs/safety_remove_multi_remote.cfg,../../../Thesis/verification/graph_operations/results/safety_remove_multi_remote.txt,,
graph_operations,safety_remove_scope,GraphOperations,positive,PASS,Spec,TypeOK RegistryLifetime ResourceBounds Evidence CompleteScope RemovalFinal SelectionScope UnrelatedPreserved,SafetySteps,,True,1156,2026-10-01,current source/config/protocol/runner/JAR/log hashes via --audit,REM03 REM07 C03,planned; not executed as implementation regressions,../../../Thesis/verification/graph_operations/configs/safety_remove_scope.cfg,../../../Thesis/verification/graph_operations/results/safety_remove_scope.txt,,
graph_operations,safety_remove_scope_remote,GraphOperations,positive,PASS,Spec,TypeOK RegistryLifetime ResourceBounds Evidence CompleteScope RemovalFinal SelectionScope UnrelatedPreserved,SafetySteps,,True,1156,2026-10-01,current source/config/protocol/runner/JAR/log hashes via --audit,HP13 REM03 C01 HOST02,planned; not executed as implementation regressions,../../../Thesis/verification/graph_operations/configs/safety_remove_scope_remote.cfg,../../../Thesis/verification/graph_operations/results/safety_remove_scope_remote.txt,,
graph_operations,safety_two_edges_remote,GraphOperations,positive,PASS,Spec,TypeOK RegistryLifetime ResourceBounds Evidence CompleteScope RemovalFinal SelectionScope UnrelatedPreserved,SafetySteps,,True,2500,2026-10-01,current source/config/protocol/runner/JAR/log hashes via --audit,HP16 ID01,planned; not executed as implementation regressions,../../../Thesis/verification/graph_operations/configs/safety_two_edges_remote.cfg,../../../Thesis/verification/graph_operations/results/safety_two_edges_remote.txt,,
graph_operations,safety_two_nodes,GraphOperations,positive,PASS,Spec,TypeOK RegistryLifetime ResourceBounds Evidence CompleteScope RemovalFinal SelectionScope UnrelatedPreserved,SafetySteps,,True,100,2026-10-01,current source/config/protocol/runner/JAR/log hashes via --audit,HP15 CON01,planned; not executed as implementation regressions,../../../Thesis/verification/graph_operations/configs/safety_two_nodes.cfg,../../../Thesis/verification/graph_operations/results/safety_two_nodes.txt,,
graph_operations,safety_two_nodes_faults,GraphOperations,positive,PASS,Spec,TypeOK RegistryLifetime ResourceBounds Evidence CompleteScope RemovalFinal SelectionScope UnrelatedPreserved,SafetySteps,,True,331776,2026-10-01,current source/config/protocol/runner/JAR/log hashes via --audit,HP15 CON05 HOST03,planned; not executed as implementation regressions,../../../Thesis/verification/graph_operations/configs/safety_two_nodes_faults.cfg,../../../Thesis/verification/graph_operations/results/safety_two_nodes_faults.txt,,
graph_operations,scheduling_fair,DeviceScheduling,positive,PASS,FairSpec,TypeOK NoFalseClosure,Resolution IndependentProgress,,True,120,2026-10-01,current source/config/protocol/runner/JAR/log hashes via --audit,CON05 CON06 CON07,planned; not executed as implementation regressions,../../../Thesis/verification/graph_operations/configs/scheduling_fair.cfg,../../../Thesis/verification/graph_operations/results/scheduling_fair.txt,,
graph_operations,witness_concurrent,GraphOperations,witness,INVARIANT NoConcurrentPreparation,Spec,TypeOK RegistryLifetime ResourceBounds Evidence CompleteScope RemovalFinal SelectionScope UnrelatedPreserved NoConcurrentPreparation,SafetySteps,"AcceptAddition,ObserveReady",True,58,2026-10-01,current source/config/protocol/runner/JAR/log hashes via --audit,CON01 HP15,planned; not executed as implementation regressions,../../../Thesis/verification/graph_operations/configs/witness_concurrent.cfg,../../../Thesis/verification/graph_operations/results/witness_concurrent.txt,,
graph_operations,witness_edge_success,GraphOperations,witness,INVARIANT NoBothSucceeded,Spec,TypeOK RegistryLifetime ResourceBounds Evidence CompleteScope RemovalFinal SelectionScope UnrelatedPreserved NoBothSucceeded,SafetySteps,"Commit,IssueActivation,Activate,ObserveActive,SucceedAddition",True,25,2026-10-01,current source/config/protocol/runner/JAR/log hashes via --audit,HP03 HP04,planned; not executed as implementation regressions,../../../Thesis/verification/graph_operations/configs/witness_edge_success.cfg,../../../Thesis/verification/graph_operations/results/witness_edge_success.txt,,
graph_operations,witness_historical,GraphOperations,witness,INVARIANT NoHistoricalSuccess,Spec,TypeOK RegistryLifetime ResourceBounds Evidence CompleteScope RemovalFinal SelectionScope UnrelatedPreserved NoHistoricalSuccess,SafetySteps,"SucceedAddition,AcceptRemoval",True,278065,2026-10-01,current source/config/protocol/runner/JAR/log hashes via --audit,F15 REM05 ID12,planned; not executed as implementation regressions,../../../Thesis/verification/graph_operations/configs/witness_historical.cfg,../../../Thesis/verification/graph_operations/results/witness_historical.txt,,
graph_operations,witness_late_closure,GraphOperations,witness,INVARIANT NoLateClosure,Spec,TypeOK RegistryLifetime ResourceBounds Evidence CompleteScope RemovalFinal SelectionScope UnrelatedPreserved NoLateClosure,SafetySteps,"ReportUnresolved,ObserveClosed,FinishCleanup",True,19,2026-10-01,current source/config/protocol/runner/JAR/log hashes via --audit,C05 REM08,planned; not executed as implementation regressions,../../../Thesis/verification/graph_operations/configs/witness_late_closure.cfg,../../../Thesis/verification/graph_operations/results/witness_late_closure.txt,,
graph_operations,witness_node_edge_success,GraphOperations,witness,INVARIANT NoBothSucceeded,Spec,TypeOK RegistryLifetime ResourceBounds Evidence CompleteScope RemovalFinal SelectionScope UnrelatedPreserved NoBothSucceeded,SafetySteps,"Commit,IssueActivation,Activate,ObserveActive,Dispatch,Execute,EmitStarted,SucceedAddition",True,76,2026-10-01,current source/config/protocol/runner/JAR/log hashes via --audit,HP07 HP08,planned; not executed as implementation regressions,../../../Thesis/verification/graph_operations/configs/witness_node_edge_success.cfg,../../../Thesis/verification/graph_operations/results/witness_node_edge_success.txt,,
graph_operations,witness_optional,GraphOperations,witness,INVARIANT NoOptionalSuccess,Spec,TypeOK RegistryLifetime ResourceBounds Evidence CompleteScope RemovalFinal SelectionScope UnrelatedPreserved NoOptionalSuccess,SafetySteps,SucceedAddition,True,8844,2026-10-01,current source/config/protocol/runner/JAR/log hashes via --audit,HP11 F14,planned; not executed as implementation regressions,../../../Thesis/verification/graph_operations/configs/witness_optional.cfg,../../../Thesis/verification/graph_operations/results/witness_optional.txt,,
graph_operations,witness_pending_scope,GraphOperations,witness,INVARIANT NoPendingRemoval,Spec,TypeOK RegistryLifetime ResourceBounds Evidence CompleteScope RemovalFinal SelectionScope UnrelatedPreserved NoPendingRemoval,SafetySteps,"AcceptAddition,AcceptRemoval",True,14,2026-10-01,current source/config/protocol/runner/JAR/log hashes via --audit,REM02 REM03 LIFE04,planned; not executed as implementation regressions,../../../Thesis/verification/graph_operations/configs/witness_pending_scope.cfg,../../../Thesis/verification/graph_operations/results/witness_pending_scope.txt,,
graph_operations,witness_retired_reuse,BindingReuse,witness,INVARIANT NoRetiredReuse,Spec,TypeOK ReuseNeedsEvidence NoOldInterference NoResurrection TruthfulClosure NoRetiredReuse,,"RetireDetail,Reuse",True,42,2026-10-01,current source/config/protocol/runner/JAR/log hashes via --audit,ID05 ID06 ID07 RES06,planned; not executed as implementation regressions,../../../Thesis/verification/graph_operations/configs/witness_retired_reuse.cfg,../../../Thesis/verification/graph_operations/results/witness_retired_reuse.txt,,
graph_operations,witness_two_edge_successes,GraphOperations,witness,INVARIANT NoBothSucceeded,Spec,TypeOK RegistryLifetime ResourceBounds Evidence CompleteScope RemovalFinal SelectionScope UnrelatedPreserved NoBothSucceeded,SafetySteps,"Commit,IssueActivation,SucceedAddition",True,625,2026-10-01,current source/config/protocol/runner/JAR/log hashes via --audit,HP16,planned; not executed as implementation regressions,../../../Thesis/verification/graph_operations/configs/witness_two_edge_successes.cfg,../../../Thesis/verification/graph_operations/results/witness_two_edge_successes.txt,,
graph_operations,witness_two_successes,GraphOperations,witness,INVARIANT NoBothSucceeded,Spec,TypeOK RegistryLifetime ResourceBounds Evidence CompleteScope RemovalFinal SelectionScope UnrelatedPreserved NoBothSucceeded,SafetySteps,SucceedAddition,True,100,2026-10-01,current source/config/protocol/runner/JAR/log hashes via --audit,HP15,planned; not executed as implementation regressions,../../../Thesis/verification/graph_operations/configs/witness_two_successes.cfg,../../../Thesis/verification/graph_operations/results/witness_two_successes.txt,,
